{
    "name": "root",
    "gauges": {
        "Car.Policy.Entropy.mean": {
            "value": 1.4067208766937256,
            "min": 1.4067208766937256,
            "max": 1.4067208766937256,
            "count": 1
        },
        "Car.Policy.Entropy.sum": {
            "value": 10803.6162109375,
            "min": 10803.6162109375,
            "max": 10803.6162109375,
            "count": 1
        },
        "Car.Step.mean": {
            "value": 29992.0,
            "min": 29992.0,
            "max": 29992.0,
            "count": 1
        },
        "Car.Step.sum": {
            "value": 29992.0,
            "min": 29992.0,
            "max": 29992.0,
            "count": 1
        },
        "Car.Policy.ExtrinsicValueEstimate.mean": {
            "value": -0.014976530335843563,
            "min": -0.014976530335843563,
            "max": -0.014976530335843563,
            "count": 1
        },
        "Car.Policy.ExtrinsicValueEstimate.sum": {
            "value": -1.7522540092468262,
            "min": -1.7522540092468262,
            "max": -1.7522540092468262,
            "count": 1
        },
        "Car.IsTraining.mean": {
            "value": 1.0,
            "min": 1.0,
            "max": 1.0,
            "count": 1
        },
        "Car.IsTraining.sum": {
            "value": 1.0,
            "min": 1.0,
            "max": 1.0,
            "count": 1
        }
    },
    "metadata": {
        "timer_format_version": "0.1.0",
        "start_time_seconds": "1749395727",
        "python_version": "3.9.21 (main, Dec 11 2024, 16:35:24) [MSC v.1929 64 bit (AMD64)]",
        "command_line_arguments": "C:\\Users\\omari\\anaconda3\\envs\\mlagents-env\\Scripts\\mlagents-learn config/Car.yaml --run-id=car_train_waypoints_01 --resume",
        "mlagents_version": "0.30.0",
        "mlagents_envs_version": "0.30.0",
        "communication_protocol_version": "1.5.0",
        "pytorch_version": "1.7.1+cu110",
        "numpy_version": "1.21.2",
        "end_time_seconds": "1749395800"
    },
    "total": 72.886999,
    "count": 1,
    "self": 0.009931700000009869,
    "children": {
        "run_training.setup": {
            "total": 0.18234249999999985,
            "count": 1,
            "self": 0.18234249999999985
        },
        "TrainerController.start_learning": {
            "total": 72.69472479999999,
            "count": 1,
            "self": 0.07194899999980464,
            "children": {
                "TrainerController._reset_env": {
                    "total": 20.8986719,
                    "count": 1,
                    "self": 20.8986719
                },
                "TrainerController.advance": {
                    "total": 51.560165900000186,
                    "count": 2984,
                    "self": 0.05977200000006633,
                    "children": {
                        "env_step": {
                            "total": 50.280974400000055,
                            "count": 2984,
                            "self": 44.68104129999969,
                            "children": {
                                "SubprocessEnvManager._take_step": {
                                    "total": 5.554714800000063,
                                    "count": 2984,
                                    "self": 0.23757629999996865,
                                    "children": {
                                        "TorchPolicy.evaluate": {
                                            "total": 5.317138500000095,
                                            "count": 2984,
                                            "self": 5.317138500000095
                                        }
                                    }
                                },
                                "workers": {
                                    "total": 0.04521830000030036,
                                    "count": 2983,
                                    "self": 0.0,
                                    "children": {
                                        "worker_root": {
                                            "total": 41.70377679999998,
                                            "count": 2983,
                                            "is_parallel": true,
                                            "self": 10.951559299999783,
                                            "children": {
                                                "steps_from_proto": {
                                                    "total": 0.0006168000000030815,
                                                    "count": 1,
                                                    "is_parallel": true,
                                                    "self": 0.00022639999999896077,
                                                    "children": {
                                                        "_process_rank_one_or_two_observation": {
                                                            "total": 0.0003904000000041208,
                                                            "count": 4,
                                                            "is_parallel": true,
                                                            "self": 0.0003904000000041208
                                                        }
                                                    }
                                                },
                                                "UnityEnvironment.step": {
                                                    "total": 30.751600700000193,
                                                    "count": 2983,
                                                    "is_parallel": true,
                                                    "self": 0.4946260000000855,
                                                    "children": {
                                                        "UnityEnvironment._generate_step_input": {
                                                            "total": 0.5392572000001081,
                                                            "count": 2983,
                                                            "is_parallel": true,
                                                            "self": 0.5392572000001081
                                                        },
                                                        "communicator.exchange": {
                                                            "total": 28.174412799999935,
                                                            "count": 2983,
                                                            "is_parallel": true,
                                                            "self": 28.174412799999935
                                                        },
                                                        "steps_from_proto": {
                                                            "total": 1.5433047000000641,
                                                            "count": 2983,
                                                            "is_parallel": true,
                                                            "self": 0.6848778999996448,
                                                            "children": {
                                                                "_process_rank_one_or_two_observation": {
                                                                    "total": 0.8584268000004194,
                                                                    "count": 11932,
                                                                    "is_parallel": true,