{
    "name": "root",
    "gauges": {
        "Car.Policy.Entropy.mean": {
            "value": 1.444712519645691,
            "min": 1.444712519645691,
            "max": 1.444712519645691,
            "count": 1
        },
        "Car.Policy.Entropy.sum": {
            "value": 3790.92578125,
            "min": 3790.92578125,
            "max": 3790.92578125,
            "count": 1
        },
        "Car.Step.mean": {
            "value": 419996.0,
            "min": 419996.0,
            "max": 419996.0,
            "count": 1
        },
        "Car.Step.sum": {
            "value": 419996.0,
            "min": 419996.0,
            "max": 419996.0,
            "count": 1
        },
        "Car.Policy.ExtrinsicValueEstimate.mean": {
            "value": -0.6991593241691589,
            "min": -0.6991593241691589,
            "max": -0.6991593241691589,
            "count": 1
        },
        "Car.Policy.ExtrinsicValueEstimate.sum": {
            "value": -27.966373443603516,
            "min": -27.966373443603516,
            "max": -27.966373443603516,
            "count": 1
        },
        "Car.IsTraining.mean": {
            "value": 1.0,
            "min": 1.0,
            "max": 1.0,
            "count": 1
        },
        "Car.IsTraining.sum": {
            "value": 1.0,
            "min": 1.0,
            "max": 1.0,
            "count": 1
        }
    },
    "metadata": {
        "timer_format_version": "0.1.0",
        "start_time_seconds": "1749405160",
        "python_version": "3.9.21 (main, Dec 11 2024, 16:35:24) [MSC v.1929 64 bit (AMD64)]",
        "command_line_arguments": "C:\\Users\\omari\\anaconda3\\envs\\mlagents-env\\Scripts\\mlagents-learn config/Car.yaml --run-id=car_train_waypoints_03 --resume",
        "mlagents_version": "0.30.0",
        "mlagents_envs_version": "0.30.0",
        "communication_protocol_version": "1.5.0",
        "pytorch_version": "1.7.1+cu110",
        "numpy_version": "1.21.2",
        "end_time_seconds": "1749405334"
    },
    "total": 173.3837561,
    "count": 1,
    "self": 0.010192399999993995,
    "children": {
        "run_training.setup": {
            "total": 0.18365859999999978,
            "count": 1,
            "self": 0.18365859999999978
        },
        "TrainerController.start_learning": {
            "total": 173.1899051,
            "count": 1,
            "self": 0.11129499999989889,
            "children": {
                "TrainerController._reset_env": {
                    "total": 63.219770999999994,
                    "count": 1,
                    "self": 63.219770999999994
                },
                "TrainerController.advance": {
                    "total": 109.71409600000008,
                    "count": 4784,
                    "self": 0.09242800000056661,
                    "children": {
                        "env_step": {
                            "total": 108.98765669999953,
                            "count": 4784,
                            "self": 100.62802899999998,
                            "children": {
                                "SubprocessEnvManager._take_step": {
                                    "total": 8.292427900000135,
                                    "count": 4784,
                                    "self": 0.3696526999996763,
                                    "children": {
                                        "TorchPolicy.evaluate": {
                                            "total": 7.9227752000004585,
                                            "count": 4784,
                                            "self": 7.9227752000004585
                                        }
                                    }
                                },
                                "workers": {
                                    "total": 0.06719979999941472,
                                    "count": 4783,
                                    "self": 0.0,
                                    "children": {
                                        "worker_root": {
                                            "total": 47.450870700000074,
                                            "count": 4783,
                                            "is_parallel": true,
                                            "self": 14.849923900000014,
                                            "children": {
                                                "steps_from_proto": {
                                                    "total": 0.0005639999999971224,
                                                    "count": 1,
                                                    "is_parallel": true,
                                                    "self": 0.00025229999999965,
                                                    "children": {
                                                        "_process_rank_one_or_two_observation": {
                                                            "total": 0.00031169999999747233,
                                                            "count": 4,
                                                            "is_parallel": true,
                                                            "self": 0.00031169999999747233
                                                        }
                                                    }
                                                },
                                                "UnityEnvironment.step": {
                                                    "total": 32.60038280000006,
                                                    "count": 4783,
                                                    "is_parallel": true,
                                                    "self": 0.5321412000008863,
                                                    "children": {
                                                        "UnityEnvironment._generate_step_input": {
                                                            "total": 0.5578199999996656,
                                                            "count": 4783,
                                                            "is_parallel": true,
                                                            "self": 0.5578199999996656
                                                        },
                                                        "communicator.exchange": {
                                                            "total": 29.728876999999486,
                                                            "count": 4783,
                                                            "is_parallel": true,
                                                            "self": 29.728876999999486
                                                        },
                                                        "steps_from_proto": {
                                                            "total": 1.781544600000025,
                                                            "count": 4783,
                                                            "is_parallel": true,
                                                            "self": 0.8873598999998791,
                                                            "children": {
                                                                "_process_rank_one_or_two_observation": {
                                                                    "total": 0.8941847000001459,
                                                                    "count": 19132,
                                                                    "is_parallel": true,