{
    "name": "root",
    "gauges": {
        "Car.Policy.Entropy.mean": {
            "value": 4.307967185974121,
            "min": 4.307967185974121,
            "max": 4.307967185974121,
            "count": 1
        },
        "Car.Policy.Entropy.sum": {
            "value": 46319.265625,
            "min": 46319.265625,
            "max": 46319.265625,
            "count": 1
        },
        "Car.Step.mean": {
            "value": 9984.0,
            "min": 9984.0,
            "max": 9984.0,
            "count": 1
        },
        "Car.Step.sum": {
            "value": 9984.0,
            "min": 9984.0,
            "max": 9984.0,
            "count": 1
        },
        "Car.Policy.ExtrinsicValueEstimate.mean": {
            "value": 0.21873341500759125,
            "min": 0.21873341500759125,
            "max": 0.21873341500759125,
            "count": 1
        },
        "Car.Policy.ExtrinsicValueEstimate.sum": {
            "value": 34.122413635253906,
            "min": 34.122413635253906,
            "max": 34.122413635253906,
            "count": 1
        },
        "Car.IsTraining.mean": {
            "value": 1.0,
            "min": 1.0,
            "max": 1.0,
            "count": 1
        },
        "Car.IsTraining.sum": {
            "value": 1.0,
            "min": 1.0,
            "max": 1.0,
            "count": 1
        }
    },
    "metadata": {
        "timer_format_version": "0.1.0",
        "start_time_seconds": "1749503248",
        "python_version": "3.9.21 (main, Dec 11 2024, 16:35:24) [MSC v.1929 64 bit (AMD64)]",
        "command_line_arguments": "C:\\Users\\omari\\anaconda3\\envs\\mlagents-env\\Scripts\\mlagents-learn config/Car.yaml --run-id=car_checkpoints_18 --force",
        "mlagents_version": "0.30.0",
        "mlagents_envs_version": "0.30.0",
        "communication_protocol_version": "1.5.0",
        "pytorch_version": "1.7.1+cu110",
        "numpy_version": "1.21.2",
        "end_time_seconds": "1749503365"
    },
    "total": 117.23164840000001,
    "count": 1,
    "self": 0.009097800000020584,
    "children": {
        "run_training.setup": {
            "total": 0.17350390000000004,
            "count": 1,
            "self": 0.17350390000000004
        },
        "TrainerController.start_learning": {
            "total": 117.04904669999999,
            "count": 1,
            "self": 0.029869999999846186,
            "children": {
                "TrainerController._reset_env": {
                    "total": 21.6376783,
                    "count": 1,
                    "self": 21.6376783
                },
                "TrainerController.advance": {
                    "total": 95.15127520000014,
                    "count": 1034,
                    "self": 0.026908500000160984,
                    "children": {
                        "env_step": {
                            "total": 85.0060343,
                            "count": 1034,
                            "self": 81.21613570000005,
                            "children": {
                                "SubprocessEnvManager._take_step": {
                                    "total": 3.7714272999999388,
                                    "count": 1034,
                                    "self": 0.10576699999992911,
                                    "children": {
                                        "TorchPolicy.evaluate": {
                                            "total": 3.6656603000000096,
                                            "count": 1034,
                                            "self": 3.6656603000000096
                                        }
                                    }
                                },
                                "workers": {
                                    "total": 0.018471300000012292,
                                    "count": 1033,
                                    "self": 0.0,
                                    "children": {
                                        "worker_root": {
                                            "total": 36.345415200000105,
                                            "count": 1033,
                                            "is_parallel": true,
                                            "self": 15.999985400000142,
                                            "children": {
                                                "steps_from_proto": {
                                                    "total": 0.0008521000000030199,
                                                    "count": 1,
                                                    "is_parallel": true,
                                                    "self": 0.00030659999999826937,
                                                    "children": {
                                                        "_process_rank_one_or_two_observation": {
                                                            "total": 0.0005455000000047505,
                                                            "count": 4,
                                                            "is_parallel": true,
                                                            "self": 0.0005455000000047505
                                                        }
                                                    }
                                                },
                                                "UnityEnvironment.step": {
                                                    "total": 20.34457769999996,
                                                    "count": 1033,
                                                    "is_parallel": true,
                                                    "self": 0.31173530000022254,
                                                    "children": {
                                                        "UnityEnvironment._generate_step_input": {
                                                            "total": 0.4019119999999603,
                                                            "count": 1033,
                                                            "is_parallel": true,
                                                            "self": 0.4019119999999603
                                                        },
                                                        "communicator.exchange": {
                                                            "total": 18.848914299999908,
                                                            "count": 1033,
                                                            "is_parallel": true,
                                                            "self": 18.848914299999908
                                                        },
                                                        "steps_from_proto": {
                                                            "total": 0.7820160999998684,
                                                            "count": 1033,
                                                            "is_parallel": true,
                                                            "self": 0.2789941999997012,
                                                            "children": {
                                                                "_process_rank_one_or_two_observation": {
                                                                    "total": 0.5030219000001672,
                                                                    "count": 4132,
                                                                    "is_parallel": true,