{
    "name": "root",
    "gauges": {
        "Car.Policy.Entropy.mean": {
            "value": 1.3758982419967651,
            "min": 1.3758982419967651,
            "max": 1.3758982419967651,
            "count": 1
        },
        "Car.Policy.Entropy.sum": {
            "value": 11783.1923828125,
            "min": 11783.1923828125,
            "max": 11783.1923828125,
            "count": 1
        },
        "Car.Step.mean": {
            "value": 69978.0,
            "min": 69978.0,
            "max": 69978.0,
            "count": 1
        },
        "Car.Step.sum": {
            "value": 69978.0,
            "min": 69978.0,
            "max": 69978.0,
            "count": 1
        },
        "Car.Policy.ExtrinsicValueEstimate.mean": {
            "value": 0.5238471627235413,
            "min": 0.5238471627235413,
            "max": 0.5238471627235413,
            "count": 1
        },
        "Car.Policy.ExtrinsicValueEstimate.sum": {
            "value": 69.67166900634766,
            "min": 69.67166900634766,
            "max": 69.67166900634766,
            "count": 1
        },
        "Car.Environment.EpisodeLength.mean": {
            "value": 3001.0,
            "min": 3001.0,
            "max": 3001.0,
            "count": 1
        },
        "Car.Environment.EpisodeLength.sum": {
            "value": 6002.0,
            "min": 6002.0,
            "max": 6002.0,
            "count": 1
        },
        "Car.Environment.CumulativeReward.mean": {
            "value": 1497.9981288909912,
            "min": 1497.9981288909912,
            "max": 1497.9981288909912,
            "count": 1
        },
        "Car.Environment.CumulativeReward.sum": {
            "value": 2995.9962577819824,
            "min": 2995.9962577819824,
            "max": 2995.9962577819824,
            "count": 1
        },
        "Car.Policy.ExtrinsicReward.mean": {
            "value": 1497.9981288909912,
            "min": 1497.9981288909912,
            "max": 1497.9981288909912,
            "count": 1
        },
        "Car.Policy.ExtrinsicReward.sum": {
            "value": 2995.9962577819824,
            "min": 2995.9962577819824,
            "max": 2995.9962577819824,
            "count": 1
        },
        "Car.IsTraining.mean": {
            "value": 1.0,
            "min": 1.0,
            "max": 1.0,
            "count": 1
        },
        "Car.IsTraining.sum": {
            "value": 1.0,
            "min": 1.0,
            "max": 1.0,
            "count": 1
        }
    },
    "metadata": {
        "timer_format_version": "0.1.0",
        "start_time_seconds": "1749408184",
        "python_version": "3.9.21 (main, Dec 11 2024, 16:35:24) [MSC v.1929 64 bit (AMD64)]",
        "command_line_arguments": "C:\\Users\\omari\\anaconda3\\envs\\mlagents-env\\Scripts\\mlagents-learn config/Car.yaml --run-id=car_train_waypoints_05 --resume",
        "mlagents_version": "0.30.0",
        "mlagents_envs_version": "0.30.0",
        "communication_protocol_version": "1.5.0",
        "pytorch_version": "1.7.1+cu110",
        "numpy_version": "1.21.2",
        "end_time_seconds": "1749408362"
    },
    "total": 178.0480959,
    "count": 1,
    "self": 0.007167999999978747,
    "children": {
        "run_training.setup": {
            "total": 0.17442179999999974,
            "count": 1,
            "self": 0.17442179999999974
        },
        "TrainerController.start_learning": {
            "total": 177.8665061,
            "count": 1,
            "self": 0.1280637999994383,
            "children": {
                "TrainerController._reset_env": {
                    "total": 38.002881,
                    "count": 1,
                    "self": 38.002881
                },
                "TrainerController.advance": {
                    "total": 139.59714010000056,
                    "count": 5334,
                    "self": 0.11336170000049606,
                    "children": {
                        "env_step": {
                            "total": 138.35679889999955,
                            "count": 5334,
                            "self": 128.22556459999902,
                            "children": {
                                "SubprocessEnvManager._take_step": {
                                    "total": 10.05261060000052,
                                    "count": 5334,
                                    "self": 0.41653740000042205,
                                    "children": {
                                        "TorchPolicy.evaluate": {
                                            "total": 9.636073200000098,
                                            "count": 5334,
                                            "self": 9.636073200000098
                                        }
                                    }
                                },
                                "workers": {
                                    "total": 0.07862370000002272,
                                    "count": 5333,
                                    "self": 0.0,
                                    "children": {
                                        "worker_root": {
                                            "total": 77.39414089999964,
                                            "count": 5333,
                                            "is_parallel": true,
                                            "self": 18.164303899999616,
                                            "children": {
                                                "steps_from_proto": {
                                                    "total": 0.0005921999999998206,
                                                    "count": 1,
                                                    "is_parallel": true,
                                                    "self": 0.00024389999998675194,
                                                    "children": {
                                                        "_process_rank_one_or_two_observation": {
                                                            "total": 0.0003483000000130687,
                                                            "count": 4,
                                                            "is_parallel": true,
                                                            "self": 0.0003483000000130687
                                                        }
                                                    }
                                                },
                                                "UnityEnvironment.step": {
                                                    "total": 59.229244800000025,
                                                    "count": 5333,
                                                    "is_parallel": true,
                                                    "self": 0.6763655000003936,
                                                    "children": {
                                                        "UnityEnvironment._generate_step_input": {
                                                            "total": 0.7418642999997687,
                                                            "count": 5333,
                                                            "is_parallel": true,
                                                            "self": 0.7418642999997687
                                                        },
                                                        "communicator.exchange": {
                                                            "total": 55.66981759999985,
                                                            "count": 5333,
                                                            "is_parallel": true,
                                                            "self": 55.66981759999985
                                                        },