{
    "name": "root",
    "metadata": {
        "timer_format_version": "0.1.0",
        "start_time_seconds": "1749416944",
        "python_version": "3.8.20 (default, Oct  3 2024, 15:19:54) [MSC v.1929 64 bit (AMD64)]",
        "command_line_arguments": "C:\\Users\\omari\\anaconda3\\envs\\mlagents38\\Scripts\\mlagents-learn config/Car.yaml --run-id=CarTraining_v4 --force",
        "mlagents_version": "0.28.0",
        "mlagents_envs_version": "0.28.0",
        "communication_protocol_version": "1.5.0",
        "pytorch_version": "1.7.1+cu110",
        "numpy_version": "1.23.5",
        "end_time_seconds": "1749417061"
    },
    "total": 117.2640887,
    "count": 1,
    "self": 0.015331099999997377,
    "children": {
        "run_training.setup": {
            "total": 0.1928601999999997,
            "count": 1,
            "self": 0.1928601999999997
        },
        "TrainerController.start_learning": {
            "total": 117.0558974,
            "count": 1,
            "self": 0.0764554000000004,
            "children": {
                "TrainerController._reset_env": {
                    "total": 66.056602,
                    "count": 1,
                    "self": 66.056602
                },
                "TrainerController.advance": {
                    "total": 50.74441820000001,
                    "count": 2522,
                    "self": 0.07225650000020778,
                    "children": {
                        "env_step": {
                            "total": 49.00500949999976,
                            "count": 2522,
                            "self": 43.080463800000146,
                            "children": {
                                "SubprocessEnvManager._take_step": {
                                    "total": 5.875751400000041,
                                    "count": 2522,
                                    "self": 0.22380720000020915,
                                    "children": {
                                        "TorchPolicy.evaluate": {
                                            "total": 5.651944199999832,
                                            "count": 2522,
                                            "self": 1.1714478999999898,
                                            "children": {
                                                "TorchPolicy.sample_actions": {
                                                    "total": 4.480496299999842,
                                                    "count": 2522,
                                                    "self": 4.480496299999842
                                                }
                                            }
                                        }
                                    }
                                },
                                "workers": {
                                    "total": 0.04879429999957097,
                                    "count": 2522,
                                    "self": 0.0,
                                    "children": {
                                        "worker_root": {
                                            "total": 50.70301919999996,
                                            "count": 2522,
                                            "is_parallel": true,
                                            "self": 11.833958800000318,
                                            "children": {
                                                "steps_from_proto": {
                                                    "total": 0.0010842000000081953,
                                                    "count": 1,
                                                    "is_parallel": true,
                                                    "self": 0.0005306000000047106,
                                                    "children": {
                                                        "_process_rank_one_or_two_observation": {
                                                            "total": 0.0005536000000034846,
                                                            "count": 4,
                                                            "is_parallel": true,
                                                            "self": 0.0005536000000034846
                                                        }
                                                    }
                                                },
                                                "UnityEnvironment.step": {
                                                    "total": 38.86797619999963,
                                                    "count": 2522,
                                                    "is_parallel": true,
                                                    "self": 0.4594711999987027,
                                                    "children": {
                                                        "UnityEnvironment._generate_step_input": {
                                                            "total": 0.5010607000001102,
                                                            "count": 2522,
                                                            "is_parallel": true,
                                                            "self": 0.5010607000001102
                                                        },
                                                        "communicator.exchange": {
                                                            "total": 36.50141820000019,
                                                            "count": 2522,
                                                            "is_parallel": true,
                                                            "self": 36.50141820000019
                                                        },
                                                        "steps_from_proto": {
                                                            "total": 1.4060261000006307,
                                                            "count": 2522,
                                                            "is_parallel": true,
                                                            "self": 0.7076888000002555,
                                                            "children": {
                                                                "_process_rank_one_or_two_observation": {
                                                                    "total": 0.6983373000003752,
                                                                    "count": 10088,
                                                                    "is_parallel": true,
                                                                    "self": 0.6983373000003752
                                                                }
                                                            }
                                                        }
                                                    }
                                                }
                                            }
                                        }
                                    }
                                }
                            }
                        },
                        "trainer_advance": {
                            "total": 1.6671522000000465,
                            "count": 2522,
                            "self": 0.08414839999960577,
                            "children": {
                                "process_trajectory": {
                                    "total": 1.5830038000004407,
                                    "count": 2522,
                                    "self": 1.5830038000004407
                                }
                            }
                        }
                    }
                },