{
    "name": "root",
    "gauges": {
        "Car.Policy.Entropy.mean": {
            "value": 1.3565337657928467,
            "min": 1.3565337657928467,
            "max": 1.4036006927490234,
            "count": 9
        },
        "Car.Policy.Entropy.sum": {
            "value": 13505.650390625,
            "min": 5464.14892578125,
            "max": 14049.564453125,
            "count": 9
        },
        "Car.Step.mean": {
            "value": 139969.0,
            "min": 59945.0,
            "max": 139969.0,
            "count": 9
        },
        "Car.Step.sum": {
            "value": 139969.0,
            "min": 59945.0,
            "max": 139969.0,
            "count": 9
        },
        "Car.Policy.ExtrinsicValueEstimate.mean": {
            "value": 0.20055563747882843,
            "min": -0.21606186032295227,
            "max": 0.5609380602836609,
            "count": 9
        },
        "Car.Policy.ExtrinsicValueEstimate.sum": {
            "value": 31.48723602294922,
            "min": -33.92171096801758,
            "max": 72.39578247070312,
            "count": 9
        },
        "Car.Environment.EpisodeLength.mean": {
            "value": 3000.0,
            "min": 3000.0,
            "max": 3001.0,
            "count": 9
        },
        "Car.Environment.EpisodeLength.sum": {
            "value": 12000.0,
            "min": 3001.0,
            "max": 12000.0,
            "count": 9
        },
        "Car.Environment.CumulativeReward.mean": {
            "value": 20.288187367390492,
            "min": 1.9368329099767532,
            "max": 20.288187367390492,
            "count": 9
        },
        "Car.Environment.CumulativeReward.sum": {
            "value": 81.15274946956197,
            "min": 1.981873961747624,
            "max": 81.15274946956197,
            "count": 9
        },
        "Car.Policy.ExtrinsicReward.mean": {
            "value": 20.288187367390492,
            "min": 1.9368329099767532,
            "max": 20.288187367390492,
            "count": 9
        },
        "Car.Policy.ExtrinsicReward.sum": {
            "value": 81.15274946956197,
            "min": 1.981873961747624,
            "max": 81.15274946956197,
            "count": 9
        },
        "Car.IsTraining.mean": {
            "value": 1.0,
            "min": 1.0,
            "max": 1.0,
            "count": 9
        },
        "Car.IsTraining.sum": {
            "value": 1.0,
            "min": 1.0,
            "max": 1.0,
            "count": 9
        },
        "Car.Losses.PolicyLoss.mean": {
            "value": 0.09700773880123842,
            "min": 0.09520494553414896,
            "max": 0.10084329410032793,
            "count": 6
        },
        "Car.Losses.PolicyLoss.sum": {
            "value": 0.09700773880123842,
            "min": 0.09520494553414896,
            "max": 0.10084329410032793,
            "count": 6
        },
        "Car.Losses.ValueLoss.mean": {
            "value": 0.010513450892895092,
            "min": 0.0016076171176890725,
            "max": 0.010513450892895092,
            "count": 6
        },
        "Car.Losses.ValueLoss.sum": {
            "value": 0.010513450892895092,
            "min": 0.0016076171176890725,
            "max": 0.010513450892895092,
            "count": 6
        },
        "Car.Policy.LearningRate.mean": {
            "value": 0.0002615145128285,
            "min": 0.0002615145128285,
            "max": 0.0002795652068116,
            "count": 6
        },
        "Car.Policy.LearningRate.sum": {
            "value": 0.0002615145128285,
            "min": 0.0002615145128285,
            "max": 0.0002795652068116,
            "count": 6
        },
        "Car.Policy.Epsilon.mean": {
            "value": 0.18717150000000005,
            "min": 0.18717150000000005,
            "max": 0.19318839999999995,
            "count": 6
        },
        "Car.Policy.Epsilon.sum": {
            "value": 0.18717150000000005,
            "min": 0.18717150000000005,
            "max": 0.19318839999999995,
            "count": 6
        },
        "Car.Policy.Beta.mean": {
            "value": 0.0008729978499999998,
            "min": 0.0008729978499999998,
            "max": 0.0009325651600000001,
            "count": 6
        },
        "Car.Policy.Beta.sum": {
            "value": 0.0008729978499999998,
            "min": 0.0008729978499999998,
            "max": 0.0009325651600000001,
            "count": 6
        }
    },
    "metadata": {
        "timer_format_version": "0.1.0",
        "start_time_seconds": "1749291061",
        "python_version": "3.8.20 (default, Oct  3 2024, 15:19:54) [MSC v.1929 64 bit (AMD64)]",
        "command_line_arguments": "C:\\Users\\omari\\anaconda3\\envs\\mlagents38\\Scripts\\mlagents-learn config/Car.yaml --run-id=car_training --resume",
        "mlagents_version": "0.28.0",
        "mlagents_envs_version": "0.28.0",
        "communication_protocol_version": "1.5.0",
        "pytorch_version": "1.7.1+cu110",
        "numpy_version": "1.23.5",
        "end_time_seconds": "1749291958"
    },
    "total": 896.9240028,
    "count": 1,
    "self": 0.012162600000124257,
    "children": {
        "run_training.setup": {
            "total": 0.20075850000000006,
            "count": 1,
            "self": 0.20075850000000006
        },
        "TrainerController.start_learning": {
            "total": 896.7110816999999,
            "count": 1,
            "self": 1.6720907000112675,
            "children": {
                "TrainerController._reset_env": {
                    "total": 9.6561617,
                    "count": 1,
                    "self": 9.6561617
                },
                "TrainerController.advance": {
                    "total": 885.1578438999885,
                    "count": 62083,
                    "self": 1.510495999997147,
                    "children": {
                        "env_step": {
                            "total": 815.6231945999915,
                            "count": 62083,
                            "self": 700.6997570999874,
                            "children": {
                                "SubprocessEnvManager._take_step": {
                                    "total": 113.7916469999992,
                                    "count": 62085,
                                    "self": 4.470299599994959,
                                    "children": {
                                        "TorchPolicy.evaluate": {
                                            "total": 109.32134740000424,
                                            "count": 62085,
                                            "self": 24.310302100014752,
                                            "children": {
                                                "TorchPolicy.sample_actions": {
                                                    "total": 85.01104529998949,
                                                    "count": 62085,
                                                    "self": 85.01104529998949
                                                }
                                            }
                                        }
                                    }
                                },
                                "workers": {
                                    "total": 1.131790500004822,
                                    "count": 62082,
                                    "self": 0.0,
                                    "children": {
                                        "worker_root": {
                                            "total": 813.9077839999906,
                                            "count": 62082,
                                            "is_parallel": true,
                                            "self": 270.54199919998973,